{"cameraMode":{"drawMode":0,"name":"Shaded","section":"Shading Mode"},"sceneLighting":false,"audioPlay":false,"sceneViewState":{"showFog":true,"showMaterialUpdate":false,"showSkybox":true,"showFlares":true,"showImageEffects":true,"showParticleSystems":true},"in2DMode":false,"pivot":{"x":-16.73533821105957,"y":-9.502482414245606,"z":-10.832088470458985},"rotation":{"x":0.13592500984668733,"y":-0.8299745917320252,"z":0.23050618171691895,"w":0.4894217848777771},"size":45.00818634033203,"orthographic":false}