{"cameraMode":{"drawMode":0,"name":"Shaded","section":"Shading Mode"},"sceneLighting":false,"audioPlay":false,"sceneViewState":{"showFog":true,"showMaterialUpdate":false,"showSkybox":true,"showFlares":true,"showImageEffects":true,"showParticleSystems":true},"in2DMode":false,"pivot":{"x":-7.222591400146484,"y":3.7955031394958498,"z":-2.4097647666931154},"rotation":{"x":-0.03584401309490204,"y":0.0907425656914711,"z":-0.0032726163044571878,"w":-0.9952237606048584},"size":25.22821807861328,"orthographic":false}