{"cameraMode":{"drawMode":0,"name":"Shaded","section":"Shading Mode"},"sceneLighting":false,"audioPlay":false,"sceneViewState":{"showFog":true,"showMaterialUpdate":false,"showSkybox":true,"showFlares":true,"showImageEffects":true,"showParticleSystems":true},"in2DMode":false,"pivot":{"x":23.718307495117189,"y":11.449000358581543,"z":-39.36201477050781},"rotation":{"x":0.22257405519485475,"y":-0.3025868535041809,"z":0.0728951096534729,"w":0.923898458480835},"size":2.851844549179077,"orthographic":false}