{"cameraMode":{"drawMode":0,"name":"Shaded","section":"Shading Mode"},"sceneLighting":false,"audioPlay":false,"sceneViewState":{"showFog":true,"showMaterialUpdate":false,"showSkybox":true,"showFlares":true,"showImageEffects":true,"showParticleSystems":true},"in2DMode":false,"pivot":{"x":-0.24039538204669953,"y":1.6567751169204713,"z":-4.489461421966553},"rotation":{"x":0.08538681268692017,"y":-0.014649150893092156,"z":0.0012554980348795653,"w":0.996239423751831},"size":3.110325813293457,"orthographic":false}