{"cameraMode":{"drawMode":0,"name":"Shaded","section":"Shading Mode"},"sceneLighting":false,"audioPlay":false,"sceneViewState":{"showFog":true,"showMaterialUpdate":false,"showSkybox":true,"showFlares":true,"showImageEffects":true,"showParticleSystems":true},"in2DMode":false,"pivot":{"x":23.718307495117189,"y":11.449000358581543,"z":-39.36201477050781},"rotation":{"x":0.10154098272323609,"y":-0.15012377500534059,"z":0.015502147376537323,"w":0.9833168387413025},"size":0.8560220003128052,"orthographic":false}