{"cameraMode":{"drawMode":0,"name":"Shaded","section":"Shading Mode"},"sceneLighting":false,"audioPlay":false,"sceneViewState":{"showFog":true,"showMaterialUpdate":false,"showSkybox":true,"showFlares":true,"showImageEffects":true,"showParticleSystems":true},"in2DMode":false,"pivot":{"x":-8.9721097946167,"y":10.106874465942383,"z":-31.64405059814453},"rotation":{"x":-0.07537169009447098,"y":-0.8844596743583679,"z":0.15355521440505982,"w":-0.4341324269771576},"size":4.7882771492004398,"orthographic":false}