{"cameraMode":{"drawMode":0,"name":"Shaded","section":"Shading Mode"},"sceneLighting":false,"audioPlay":false,"sceneViewState":{"showFog":true,"showMaterialUpdate":false,"showSkybox":true,"showFlares":true,"showImageEffects":true,"showParticleSystems":true},"in2DMode":false,"pivot":{"x":3.9759521484375,"y":3.7300000190734865,"z":-11.960906982421875},"rotation":{"x":-0.12042999267578125,"y":0.8079804182052612,"z":-0.17729029059410096,"w":-0.5488464832305908},"size":13.031123161315918,"orthographic":false}