{"cameraMode":{"drawMode":0,"name":"Shaded","section":"Shading Mode"},"sceneLighting":false,"audioPlay":false,"sceneViewState":{"showFog":true,"showMaterialUpdate":false,"showSkybox":true,"showFlares":true,"showImageEffects":true,"showParticleSystems":true},"in2DMode":false,"pivot":{"x":-1.9812291860580445,"y":11.615935325622559,"z":-28.741424560546876},"rotation":{"x":0.02132025919854641,"y":-0.9785009026527405,"z":0.13529741764068604,"w":0.1541951447725296},"size":5.229485988616943,"orthographic":false}