{"cameraMode":{"drawMode":0,"name":"Shaded","section":"Shading Mode"},"sceneLighting":false,"audioPlay":false,"sceneViewState":{"showFog":true,"showMaterialUpdate":false,"showSkybox":true,"showFlares":true,"showImageEffects":true,"showParticleSystems":true},"in2DMode":false,"pivot":{"x":0.1190294474363327,"y":0.5133947134017944,"z":-0.9164265990257263},"rotation":{"x":0.05442247912287712,"y":0.9333873987197876,"z":-0.1606099009513855,"w":0.31627628207206728},"size":8.970329284667969,"orthographic":false}