{"cameraMode":{"drawMode":0,"name":"Shaded","section":"Shading Mode"},"sceneLighting":false,"audioPlay":false,"sceneViewState":{"showFog":true,"showMaterialUpdate":false,"showSkybox":true,"showFlares":true,"showImageEffects":true,"showParticleSystems":true},"in2DMode":false,"pivot":{"x":0.4407062530517578,"y":0.9201652407646179,"z":-3.8141355514526369},"rotation":{"x":-0.09887047857046128,"y":0.7972279191017151,"z":-0.13594618439674378,"w":-0.5798025727272034},"size":2.9882771968841554,"orthographic":false}