{"cameraMode":{"drawMode":0,"name":"Shaded","section":"Shading Mode"},"sceneLighting":false,"audioPlay":false,"sceneViewState":{"showFog":true,"showMaterialUpdate":false,"showSkybox":true,"showFlares":true,"showImageEffects":true,"showParticleSystems":true},"in2DMode":false,"pivot":{"x":17.14557456970215,"y":0.05697573721408844,"z":-10.235645294189454},"rotation":{"x":0.08538681268692017,"y":-0.014649150893092156,"z":0.0012554980348795653,"w":0.996239423751831},"size":0.856022834777832,"orthographic":false}