{"cameraMode":{"drawMode":0,"name":"Shaded","section":"Shading Mode"},"sceneLighting":false,"audioPlay":false,"sceneViewState":{"showFog":true,"showMaterialUpdate":false,"showSkybox":true,"showFlares":true,"showImageEffects":true,"showParticleSystems":true},"in2DMode":false,"pivot":{"x":0.04536014050245285,"y":0.23389969766139985,"z":-7.287472724914551},"rotation":{"x":-0.000904153916053474,"y":0.985906720161438,"z":-0.16720876097679139,"w":-0.00533186923712492},"size":13.01210880279541,"orthographic":false}