{"cameraMode":{"drawMode":0,"name":"Shaded","section":"Shading Mode"},"sceneLighting":false,"audioPlay":false,"sceneViewState":{"showFog":true,"showMaterialUpdate":false,"showSkybox":true,"showFlares":true,"showImageEffects":true,"showParticleSystems":true},"in2DMode":false,"pivot":{"x":-59.29576873779297,"y":-28.622501373291017,"z":98.405029296875},"rotation":{"x":0.08538681268692017,"y":-0.014649150893092156,"z":0.0012554980348795653,"w":0.996239423751831},"size":391.2425231933594,"orthographic":false}