{"cameraMode":{"drawMode":0,"name":"Shaded","section":"Shading Mode"},"sceneLighting":false,"audioPlay":false,"sceneViewState":{"showFog":true,"showMaterialUpdate":false,"showSkybox":true,"showFlares":true,"showImageEffects":true,"showParticleSystems":true},"in2DMode":false,"pivot":{"x":23.718307495117189,"y":11.449000358581543,"z":-39.36201477050781},"rotation":{"x":-0.2795286476612091,"y":0.2621278762817383,"z":-0.07962437719106674,"w":-0.9202242493629456},"size":0.8560220003128052,"orthographic":false}