{"cameraMode":{"drawMode":0,"name":"Shaded","section":"Shading Mode"},"sceneLighting":false,"audioPlay":false,"sceneViewState":{"showFog":true,"showMaterialUpdate":false,"showSkybox":true,"showFlares":true,"showImageEffects":true,"showParticleSystems":true},"in2DMode":false,"pivot":{"x":-6.606299877166748,"y":8.032637596130371,"z":-37.08540725708008},"rotation":{"x":0.0055571808479726318,"y":-0.9859002232551575,"z":0.0334356427192688,"w":0.1638658344745636},"size":2.988276958465576,"orthographic":false}