{"cameraMode":{"drawMode":0,"name":"Shaded","section":"Shading Mode"},"sceneLighting":false,"audioPlay":false,"sceneViewState":{"showFog":true,"showMaterialUpdate":false,"showSkybox":true,"showFlares":true,"showImageEffects":true,"showParticleSystems":true},"in2DMode":false,"pivot":{"x":-6.293976783752441,"y":8.090096473693848,"z":-35.92133712768555},"rotation":{"x":-0.13297830522060395,"y":0.41872718930244448,"z":-0.062132760882377627,"w":-0.8961717486381531},"size":2.241205930709839,"orthographic":false}