{"cameraMode":{"drawMode":0,"name":"Shaded","section":"Shading Mode"},"sceneLighting":false,"audioPlay":false,"sceneViewState":{"showFog":true,"showMaterialUpdate":false,"showSkybox":true,"showFlares":true,"showImageEffects":true,"showParticleSystems":true},"in2DMode":false,"pivot":{"x":-6.494997978210449,"y":9.16408920288086,"z":-36.020973205566409},"rotation":{"x":-0.07520294189453125,"y":0.7314144372940064,"z":-0.0817515179514885,"w":-0.6728255152702332},"size":5.229485988616943,"orthographic":false}