{"cameraMode":{"drawMode":0,"name":"Shaded","section":"Shading Mode"},"sceneLighting":false,"audioPlay":false,"sceneViewState":{"showFog":true,"showMaterialUpdate":false,"showSkybox":true,"showFlares":true,"showImageEffects":true,"showParticleSystems":true},"in2DMode":false,"pivot":{"x":-0.03099999949336052,"y":0.2680000066757202,"z":-0.052000001072883609},"rotation":{"x":0.248295396566391,"y":0.13632573187351228,"z":-0.03531862795352936,"w":0.9583930969238281},"size":22.0,"orthographic":false}