{"cameraMode":{"drawMode":0,"name":"Shaded","section":"Shading Mode"},"sceneLighting":false,"audioPlay":false,"sceneViewState":{"showFog":true,"showMaterialUpdate":false,"showSkybox":true,"showFlares":true,"showImageEffects":true,"showParticleSystems":true},"in2DMode":false,"pivot":{"x":14.034553527832032,"y":-11.894904136657715,"z":91.45643615722656},"rotation":{"x":0.401997834444046,"y":0.0343036912381649,"z":-0.015074590221047402,"w":0.9148736596107483},"size":37.04487991333008,"orthographic":false}