{"cameraMode":{"drawMode":0,"name":"Shaded","section":"Shading Mode"},"sceneLighting":false,"audioPlay":false,"sceneViewState":{"showFog":true,"showMaterialUpdate":false,"showSkybox":true,"showFlares":true,"showImageEffects":true,"showParticleSystems":true},"in2DMode":false,"pivot":{"x":30.86086654663086,"y":-3.4696969985961916,"z":67.31712341308594},"rotation":{"x":0.19080695509910584,"y":-0.4561052918434143,"z":0.10079995542764664,"w":0.8633655309677124},"size":17.341455459594728,"orthographic":false}