{"cameraMode":{"drawMode":0,"name":"Shaded","section":"Shading Mode"},"sceneLighting":false,"audioPlay":false,"sceneViewState":{"showFog":true,"showMaterialUpdate":false,"showSkybox":true,"showFlares":true,"showImageEffects":true,"showParticleSystems":true},"in2DMode":false,"pivot":{"x":-1.4253203868865967,"y":0.13184118270874024,"z":1.058783769607544},"rotation":{"x":-0.13017401099205018,"y":0.2890964150428772,"z":-0.03971220180392265,"w":-0.9475764036178589},"size":2.8659985065460207,"orthographic":false}