{"cameraMode":{"drawMode":0,"name":"Shaded","section":"Shading Mode"},"sceneLighting":false,"audioPlay":false,"sceneViewState":{"showFog":true,"showMaterialUpdate":false,"showSkybox":true,"showFlares":true,"showImageEffects":true,"showParticleSystems":true},"in2DMode":false,"pivot":{"x":-0.5308064818382263,"y":1.6480128765106202,"z":-3.120544910430908},"rotation":{"x":-0.10210732370615006,"y":-0.021785425022244455,"z":0.0022366363555192949,"w":-0.9945322871208191},"size":2.8827016353607179,"orthographic":false}