{"cameraMode":{"drawMode":0,"name":"Shaded","section":"Shading Mode"},"sceneLighting":false,"audioPlay":false,"sceneViewState":{"showFog":true,"showMaterialUpdate":false,"showSkybox":true,"showFlares":true,"showImageEffects":true,"showParticleSystems":true},"in2DMode":false,"pivot":{"x":35.630897521972659,"y":0.2624783515930176,"z":55.92002487182617},"rotation":{"x":-0.09168832004070282,"y":0.29046308994293215,"z":-0.027971720322966577,"w":-0.9520725011825562},"size":25.22821617126465,"orthographic":false}