{"cameraMode":{"drawMode":0,"name":"Shaded","section":"Shading Mode"},"sceneLighting":false,"audioPlay":false,"sceneViewState":{"showFog":true,"showMaterialUpdate":false,"showSkybox":true,"showFlares":true,"showImageEffects":true,"showParticleSystems":true},"in2DMode":false,"pivot":{"x":2.930341958999634,"y":1.1411654949188233,"z":-1.30653715133667},"rotation":{"x":0.039334967732429507,"y":0.3673328459262848,"z":-0.015550531446933747,"w":0.9291272759437561},"size":5.6882781982421879,"orthographic":false}