{"cameraMode":{"drawMode":0,"name":"Shaded","section":"Shading Mode"},"sceneLighting":false,"audioPlay":false,"sceneViewState":{"showFog":true,"showMaterialUpdate":false,"showSkybox":true,"showFlares":true,"showImageEffects":true,"showParticleSystems":true},"in2DMode":false,"pivot":{"x":28.881511688232423,"y":9.186230659484864,"z":-66.49207305908203},"rotation":{"x":-0.3069426715373993,"y":0.013434171676635743,"z":-0.004331979900598526,"w":-0.9516233205795288},"size":48.43836212158203,"orthographic":false}