{"cameraMode":{"drawMode":0,"name":"Shaded","section":"Shading Mode"},"sceneLighting":false,"audioPlay":false,"sceneViewState":{"showFog":true,"showMaterialUpdate":false,"showSkybox":true,"showFlares":true,"showImageEffects":true,"showParticleSystems":true},"in2DMode":false,"pivot":{"x":32.182186126708987,"y":-1.9371414184570313,"z":61.42072296142578},"rotation":{"x":0.14923568069934846,"y":-0.4447692334651947,"z":0.07543426752090454,"w":0.8798969984054565},"size":20.64185905456543,"orthographic":false}