{"cameraMode":{"drawMode":0,"name":"Shaded","section":"Shading Mode"},"sceneLighting":false,"audioPlay":false,"sceneViewState":{"showFog":true,"showMaterialUpdate":false,"showSkybox":true,"showFlares":true,"showImageEffects":true,"showParticleSystems":true},"in2DMode":false,"pivot":{"x":17.773670196533204,"y":0.072927325963974,"z":-53.82136535644531},"rotation":{"x":-0.02533557079732418,"y":-0.6783692240715027,"z":0.023419365286827089,"w":-0.7339107394218445},"size":3.06943416595459,"orthographic":false}