{"cameraMode":{"drawMode":0,"name":"Shaded","section":"Shading Mode"},"sceneLighting":false,"audioPlay":false,"sceneViewState":{"showFog":true,"showMaterialUpdate":false,"showSkybox":true,"showFlares":true,"showImageEffects":true,"showParticleSystems":true},"in2DMode":false,"pivot":{"x":-0.07000000029802323,"y":0.09700000286102295,"z":-0.02500000037252903},"rotation":{"x":0.12372656166553498,"y":0.4520142376422882,"z":-0.0634739026427269,"w":0.8811050057411194},"size":22.0,"orthographic":false}