{"cameraMode":{"drawMode":0,"name":"Shaded","section":"Shading Mode"},"sceneLighting":false,"audioPlay":false,"sceneViewState":{"showFog":true,"showMaterialUpdate":false,"showSkybox":true,"showFlares":true,"showImageEffects":true,"showParticleSystems":true},"in2DMode":false,"pivot":{"x":16.441179275512697,"y":0.00018067657947540283,"z":-54.84225082397461},"rotation":{"x":0.14378932118415833,"y":0.4624306857585907,"z":-0.07628922164440155,"w":0.8715862035751343},"size":1.966001272201538,"orthographic":false}