{"cameraMode":{"drawMode":0,"name":"Shaded","section":"Shading Mode"},"sceneLighting":false,"audioPlay":false,"sceneViewState":{"showFog":true,"showMaterialUpdate":false,"showSkybox":true,"showFlares":true,"showImageEffects":true,"showParticleSystems":true},"in2DMode":false,"pivot":{"x":1.3427587747573853,"y":0.09438252449035645,"z":0.9865474700927734},"rotation":{"x":0.10849697142839432,"y":0.2552608549594879,"z":-0.028839023783802987,"w":0.9603325724601746},"size":6.351063251495361,"orthographic":false}