{"cameraMode":{"drawMode":0,"name":"Shaded","section":"Shading Mode"},"sceneLighting":false,"audioPlay":false,"sceneViewState":{"showFog":true,"showMaterialUpdate":false,"showSkybox":true,"showFlares":true,"showImageEffects":true,"showParticleSystems":true},"in2DMode":false,"pivot":{"x":147.14036560058595,"y":261.7789001464844,"z":-465.16357421875},"rotation":{"x":-0.08356429636478424,"y":0.6005057096481323,"z":-0.06330045312643051,"w":-0.7927187085151672},"size":1940.469482421875,"orthographic":false}