{"cameraMode":{"drawMode":0,"name":"Shaded","section":"Shading Mode"},"sceneLighting":false,"audioPlay":false,"sceneViewState":{"showFog":true,"showMaterialUpdate":false,"showSkybox":true,"showFlares":true,"showImageEffects":true,"showParticleSystems":true},"in2DMode":false,"pivot":{"x":-0.03099999949336052,"y":0.2680000066757202,"z":-0.052000001072883609},"rotation":{"x":0.3274748623371124,"y":0.06681717932224274,"z":-0.023222725838422777,"w":0.9422082901000977},"size":22.0,"orthographic":false}