{"cameraMode":{"drawMode":0,"name":"Shaded","section":"Shading Mode"},"sceneLighting":false,"audioPlay":false,"sceneViewState":{"showFog":true,"showMaterialUpdate":false,"showSkybox":true,"showFlares":true,"showImageEffects":true,"showParticleSystems":true},"in2DMode":false,"pivot":{"x":1.2502546310424805,"y":0.9205756187438965,"z":-2.77677845954895},"rotation":{"x":-0.14971759915351869,"y":-0.01868845522403717,"z":0.0028303947765380146,"w":-0.9885481595993042},"size":2.9882771968841554,"orthographic":false}