{"cameraMode":{"drawMode":0,"name":"Shaded","section":"Shading Mode"},"sceneLighting":false,"audioPlay":false,"sceneViewState":{"showFog":true,"showMaterialUpdate":false,"showSkybox":true,"showFlares":true,"showImageEffects":true,"showParticleSystems":true},"in2DMode":false,"pivot":{"x":-7.325897216796875,"y":7.924533367156982,"z":-36.5028076171875},"rotation":{"x":-0.16165223717689515,"y":0.3128579258918762,"z":-0.054126158356666568,"w":-0.9343761801719666},"size":4.183586120605469,"orthographic":false}