{"cameraMode":{"drawMode":0,"name":"Shaded","section":"Shading Mode"},"sceneLighting":false,"audioPlay":false,"sceneViewState":{"showFog":true,"showMaterialUpdate":false,"showSkybox":true,"showFlares":true,"showImageEffects":true,"showParticleSystems":true},"in2DMode":false,"pivot":{"x":77.29277038574219,"y":-27.560422897338868,"z":-55.86637878417969},"rotation":{"x":0.1468552052974701,"y":0.7030462026596069,"z":-0.15205638110637666,"w":0.6789982318878174},"size":71.98826599121094,"orthographic":false}