{"cameraMode":{"drawMode":0,"name":"Shaded","section":"Shading Mode"},"sceneLighting":false,"audioPlay":false,"sceneViewState":{"showFog":true,"showMaterialUpdate":false,"showSkybox":true,"showFlares":true,"showImageEffects":true,"showParticleSystems":true},"in2DMode":false,"pivot":{"x":15.112320899963379,"y":0.49574315547943118,"z":-54.17843246459961},"rotation":{"x":0.09889654815196991,"y":-0.6721663475036621,"z":0.0913034975528717,"w":0.7280629277229309},"size":4.143451690673828,"orthographic":false}