{"cameraMode":{"drawMode":0,"name":"Shaded","section":"Shading Mode"},"sceneLighting":false,"audioPlay":false,"sceneViewState":{"showFog":true,"showMaterialUpdate":false,"showSkybox":true,"showFlares":true,"showImageEffects":true,"showParticleSystems":true},"in2DMode":false,"pivot":{"x":-3.4485011100769045,"y":2.553680419921875,"z":1.8974075317382813},"rotation":{"x":-0.13247980177402497,"y":0.3850034773349762,"z":-0.05594855546951294,"w":-0.9116420745849609},"size":7.470693111419678,"orthographic":false}