{"cameraMode":{"drawMode":0,"name":"Shaded","section":"Shading Mode"},"sceneLighting":false,"audioPlay":false,"sceneViewState":{"showFog":true,"showMaterialUpdate":false,"showSkybox":true,"showFlares":true,"showImageEffects":true,"showParticleSystems":true},"in2DMode":false,"pivot":{"x":-0.009657621383666993,"y":1.6047329902648926,"z":-0.0013064146041870118},"rotation":{"x":-0.03187868371605873,"y":0.9630430936813355,"z":-0.23263269662857057,"w":-0.1319616585969925},"size":5.140826225280762,"orthographic":false}