{"cameraMode":{"drawMode":0,"name":"Shaded","section":"Shading Mode"},"sceneLighting":false,"audioPlay":false,"sceneViewState":{"showFog":true,"showMaterialUpdate":false,"showSkybox":true,"showFlares":true,"showImageEffects":true,"showParticleSystems":true},"in2DMode":false,"pivot":{"x":-0.12849977612495423,"y":0.676872730255127,"z":-0.6107521653175354},"rotation":{"x":-0.11729224771261215,"y":0.21044407784938813,"z":-0.025441404432058336,"w":-0.970210611820221},"size":0.6713885068893433,"orthographic":false}