{"cameraMode":{"drawMode":0,"name":"Shaded","section":"Shading Mode"},"sceneLighting":false,"audioPlay":false,"sceneViewState":{"showFog":true,"showMaterialUpdate":false,"showSkybox":true,"showFlares":true,"showImageEffects":true,"showParticleSystems":true},"in2DMode":false,"pivot":{"x":0.45046424865722659,"y":1.1606833934783936,"z":3.1912827491760256},"rotation":{"x":-0.0033164694905281069,"y":-0.9938493371009827,"z":0.10625595599412918,"w":-0.031019797548651696},"size":1.6050620079040528,"orthographic":false}