{"cameraMode":{"drawMode":0,"name":"Shaded","section":"Shading Mode"},"sceneLighting":false,"audioPlay":false,"sceneViewState":{"showFog":true,"showMaterialUpdate":false,"showSkybox":true,"showFlares":true,"showImageEffects":true,"showParticleSystems":true},"in2DMode":false,"pivot":{"x":0.005385875701904297,"y":1.4385383129119874,"z":-0.025952577590942384},"rotation":{"x":-0.12615765631198884,"y":-0.8708028793334961,"z":0.2947772145271301,"w":-0.3726836144924164},"size":5.585722923278809,"orthographic":false}