{"cameraMode":{"drawMode":0,"name":"Shaded","section":"Shading Mode"},"sceneLighting":false,"audioPlay":false,"sceneViewState":{"showFog":true,"showMaterialUpdate":false,"showSkybox":true,"showFlares":true,"showImageEffects":true,"showParticleSystems":true},"in2DMode":false,"pivot":{"x":-2.352588176727295,"y":1.017560362815857,"z":1.781326174736023},"rotation":{"x":-0.07299850136041641,"y":-0.8939080834388733,"z":0.15796494483947755,"w":-0.4130939245223999},"size":0.00005715767838410102,"orthographic":false}