{"cameraMode":{"drawMode":0,"name":"Shaded","section":"Shading Mode"},"sceneLighting":false,"audioPlay":false,"sceneViewState":{"showFog":true,"showMaterialUpdate":false,"showSkybox":true,"showFlares":true,"showImageEffects":true,"showParticleSystems":true},"in2DMode":false,"pivot":{"x":0.3816375732421875,"y":0.11170713603496552,"z":1.0073816776275635},"rotation":{"x":-0.04962652549147606,"y":0.8800041675567627,"z":-0.09435290843248368,"w":-0.46284717321395876},"size":0.8560243844985962,"orthographic":false}