{"cameraMode":{"drawMode":0,"name":"Shaded","section":"Shading Mode"},"sceneLighting":false,"audioPlay":false,"sceneViewState":{"showFog":true,"showMaterialUpdate":false,"showSkybox":true,"showFlares":true,"showImageEffects":true,"showParticleSystems":true},"in2DMode":false,"pivot":{"x":-7.668360710144043,"y":9.316839218139649,"z":-36.71384811401367},"rotation":{"x":-0.06485369056463242,"y":0.9316720962524414,"z":-0.20766563713550569,"w":-0.29095739126205447},"size":5.229485988616943,"orthographic":false}