{"cameraMode":{"drawMode":0,"name":"Shaded","section":"Shading Mode"},"sceneLighting":false,"audioPlay":false,"sceneViewState":{"showFog":true,"showMaterialUpdate":false,"showSkybox":true,"showFlares":true,"showImageEffects":true,"showParticleSystems":true},"in2DMode":false,"pivot":{"x":1.2663129568099976,"y":-16.098880767822267,"z":24.229352951049806},"rotation":{"x":-0.3005528151988983,"y":-0.02717795968055725,"z":0.008568220771849156,"w":-0.9533393979072571},"size":39.285736083984378,"orthographic":false}