{"cameraMode":{"drawMode":0,"name":"Shaded","section":"Shading Mode"},"sceneLighting":false,"audioPlay":false,"sceneViewState":{"showFog":true,"showMaterialUpdate":false,"showSkybox":true,"showFlares":true,"showImageEffects":true,"showParticleSystems":true},"in2DMode":false,"pivot":{"x":-6.966827392578125,"y":7.462174892425537,"z":-36.93980407714844},"rotation":{"x":-0.267490029335022,"y":0.5098388195037842,"z":-0.1705467402935028,"w":-0.799642026424408},"size":2.241205930709839,"orthographic":false}