{"cameraMode":{"drawMode":0,"name":"Shaded","section":"Shading Mode"},"sceneLighting":false,"audioPlay":false,"sceneViewState":{"showFog":true,"showMaterialUpdate":false,"showSkybox":true,"showFlares":true,"showImageEffects":true,"showParticleSystems":true},"in2DMode":false,"pivot":{"x":-0.3909766972064972,"y":0.7510497570037842,"z":0.9052211046218872},"rotation":{"x":-0.04173004627227783,"y":0.8881219029426575,"z":-0.08231321722269058,"w":-0.4502473771572113},"size":2.800142765045166,"orthographic":false}