{"cameraMode":{"drawMode":0,"name":"Shaded","section":"Shading Mode"},"sceneLighting":false,"audioPlay":false,"sceneViewState":{"showFog":true,"showMaterialUpdate":false,"showSkybox":true,"showFlares":true,"showImageEffects":true,"showParticleSystems":true},"in2DMode":false,"pivot":{"x":0.658966064453125,"y":0.8002974987030029,"z":-3.8050994873046877},"rotation":{"x":-0.267490029335022,"y":0.5098388195037842,"z":-0.1705467402935028,"w":-0.799642026424408},"size":2.9882771968841554,"orthographic":false}