{"cameraMode":{"drawMode":0,"name":"Shaded","section":"Shading Mode"},"sceneLighting":false,"audioPlay":false,"sceneViewState":{"showFog":true,"showMaterialUpdate":false,"showSkybox":true,"showFlares":true,"showImageEffects":true,"showParticleSystems":true},"in2DMode":false,"pivot":{"x":-6.525811195373535,"y":7.9146504402160648,"z":-37.75359344482422},"rotation":{"x":-0.014772290363907814,"y":0.9793358445167542,"z":-0.18612349033355714,"w":-0.07772526890039444},"size":4.183586120605469,"orthographic":false}