{"cameraMode":{"drawMode":0,"name":"Shaded","section":"Shading Mode"},"sceneLighting":false,"audioPlay":false,"sceneViewState":{"showFog":true,"showMaterialUpdate":false,"showSkybox":true,"showFlares":true,"showImageEffects":true,"showParticleSystems":true},"in2DMode":false,"pivot":{"x":-0.027927517890930177,"y":0.9368211030960083,"z":-3.15364670753479},"rotation":{"x":-0.059736255556344989,"y":0.9346633553504944,"z":-0.1892816573381424,"w":-0.29497218132019045},"size":2.9882771968841554,"orthographic":false}