{"cameraMode":{"drawMode":0,"name":"Shaded","section":"Shading Mode"},"sceneLighting":false,"audioPlay":false,"sceneViewState":{"showFog":true,"showMaterialUpdate":false,"showSkybox":true,"showFlares":true,"showImageEffects":true,"showParticleSystems":true},"in2DMode":false,"pivot":{"x":0.007949203252792359,"y":1.4725801944732667,"z":0.5339670181274414},"rotation":{"x":0.15326280891895295,"y":0.01926828734576702,"z":-0.002989169443026185,"w":0.9879931211471558},"size":7.35158109664917,"orthographic":false}