{"cameraMode":{"drawMode":0,"name":"Shaded","section":"Shading Mode"},"sceneLighting":false,"audioPlay":false,"sceneViewState":{"showFog":true,"showMaterialUpdate":false,"showSkybox":true,"showFlares":true,"showImageEffects":true,"showParticleSystems":true},"in2DMode":false,"pivot":{"x":-6.706845283508301,"y":-16.73272705078125,"z":-33.65773391723633},"rotation":{"x":-0.02087077870965004,"y":0.9700711369514465,"z":-0.22448356449604035,"w":-0.09018626064062119},"size":43.354759216308597,"orthographic":false}