{"cameraMode":{"drawMode":0,"name":"Shaded","section":"Shading Mode"},"sceneLighting":false,"audioPlay":false,"sceneViewState":{"showFog":true,"showMaterialUpdate":false,"showSkybox":true,"showFlares":true,"showImageEffects":true,"showParticleSystems":true},"in2DMode":false,"pivot":{"x":-5.843678951263428,"y":10.721819877624512,"z":-41.76388168334961},"rotation":{"x":-0.000017117026800406165,"y":0.9984774589538574,"z":0.055161286145448688,"w":0.00030043156584724784},"size":8.669686317443848,"orthographic":false}