{"cameraMode":{"drawMode":0,"name":"Shaded","section":"Shading Mode"},"sceneLighting":false,"audioPlay":false,"sceneViewState":{"showFog":true,"showMaterialUpdate":false,"showSkybox":true,"showFlares":true,"showImageEffects":true,"showParticleSystems":true},"in2DMode":false,"pivot":{"x":-5.6395263671875,"y":8.11120319366455,"z":-37.13946533203125},"rotation":{"x":-0.267490029335022,"y":0.5098388195037842,"z":-0.1705467402935028,"w":-0.799642026424408},"size":4.183586120605469,"orthographic":false}