{"cameraMode":{"drawMode":0,"name":"Shaded","section":"Shading Mode"},"sceneLighting":false,"audioPlay":false,"sceneViewState":{"showFog":true,"showMaterialUpdate":false,"showSkybox":true,"showFlares":true,"showImageEffects":true,"showParticleSystems":true},"in2DMode":false,"pivot":{"x":-15.532434463500977,"y":-4.247004985809326,"z":3.7765471935272219},"rotation":{"x":-0.11039076000452042,"y":0.6378446817398071,"z":-0.0930752232670784,"w":-0.756508469581604},"size":22.505491256713868,"orthographic":false}