{"cameraMode":{"drawMode":0,"name":"Shaded","section":"Shading Mode"},"sceneLighting":false,"audioPlay":false,"sceneViewState":{"showFog":true,"showMaterialUpdate":false,"showSkybox":true,"showFlares":true,"showImageEffects":true,"showParticleSystems":true},"in2DMode":false,"pivot":{"x":-0.08723974227905274,"y":0.5,"z":0.0068187713623046879},"rotation":{"x":-0.41920870542526247,"y":-0.03403306379914284,"z":0.015727827325463296,"w":-0.9071154594421387},"size":9.34161376953125,"orthographic":false}