{"cameraMode":{"drawMode":0,"name":"Shaded","section":"Shading Mode"},"sceneLighting":false,"audioPlay":false,"sceneViewState":{"showFog":true,"showMaterialUpdate":false,"showSkybox":true,"showFlares":true,"showImageEffects":true,"showParticleSystems":true},"in2DMode":false,"pivot":{"x":-1.5510430335998536,"y":-12.996091842651368,"z":32.26586151123047},"rotation":{"x":-0.22963720560073853,"y":0.03998113051056862,"z":-0.009441464208066464,"w":-0.9724089503288269},"size":43.38092041015625,"orthographic":false}