{"cameraMode":{"drawMode":0,"name":"Shaded","section":"Shading Mode"},"sceneLighting":false,"audioPlay":false,"sceneViewState":{"showFog":true,"showMaterialUpdate":false,"showSkybox":true,"showFlares":true,"showImageEffects":true,"showParticleSystems":true},"in2DMode":false,"pivot":{"x":-0.010999999940395356,"y":0.00800000037997961,"z":0.20499999821186067},"rotation":{"x":-0.04173004627227783,"y":0.8881219029426575,"z":-0.08231321722269058,"w":-0.4502473771572113},"size":22.0,"orthographic":false}