{"cameraMode":{"drawMode":0,"name":"Shaded","section":"Shading Mode"},"sceneLighting":true,"audioPlay":false,"sceneViewState":{"showFog":true,"showMaterialUpdate":false,"showSkybox":true,"showFlares":true,"showImageEffects":true,"showParticleSystems":true},"in2DMode":false,"pivot":{"x":51.64927673339844,"y":9.762190818786621,"z":-19.967002868652345},"rotation":{"x":-0.370726078748703,"y":-0.009197906590998173,"z":0.0036716375034302475,"w":-0.9286894798278809},"size":17.689098358154298,"orthographic":false}