{"cameraMode":{"drawMode":0,"name":"Shaded","section":"Shading Mode"},"sceneLighting":false,"audioPlay":false,"sceneViewState":{"showFog":true,"showMaterialUpdate":false,"showSkybox":true,"showFlares":true,"showImageEffects":true,"showParticleSystems":true},"in2DMode":false,"pivot":{"x":0.07299727201461792,"y":0.5050153136253357,"z":-1.5611984729766846},"rotation":{"x":0.020900104194879533,"y":-0.976592481136322,"z":0.18257008492946626,"w":0.11179713159799576},"size":5.255019664764404,"orthographic":false}