{"cameraMode":{"drawMode":0,"name":"Shaded","section":"Shading Mode"},"sceneLighting":false,"audioPlay":false,"sceneViewState":{"showFog":true,"showMaterialUpdate":false,"showSkybox":true,"showFlares":true,"showImageEffects":true,"showParticleSystems":true},"in2DMode":false,"pivot":{"x":-1.367792010307312,"y":2.7694883346557619,"z":-3.111046314239502},"rotation":{"x":-0.007935560308396817,"y":0.9878003597259522,"z":-0.05370105430483818,"w":-0.14595788717269898},"size":7.470693111419678,"orthographic":false}