{"cameraMode":{"drawMode":0,"name":"Shaded","section":"Shading Mode"},"sceneLighting":false,"audioPlay":false,"sceneViewState":{"showFog":true,"showMaterialUpdate":false,"showSkybox":true,"showFlares":true,"showImageEffects":true,"showParticleSystems":true},"in2DMode":false,"pivot":{"x":0.34953710436820986,"y":4.5526509284973148,"z":-5.545736789703369},"rotation":{"x":-0.4012315273284912,"y":-0.045311640948057178,"z":0.01987718790769577,"w":-0.9146393537521362},"size":26.141820907592775,"orthographic":false}