{"cameraMode":{"drawMode":0,"name":"Shaded","section":"Shading Mode"},"sceneLighting":true,"audioPlay":false,"sceneViewState":{"showFog":true,"showMaterialUpdate":false,"showSkybox":true,"showFlares":true,"showImageEffects":true,"showParticleSystems":true},"in2DMode":false,"pivot":{"x":15.89883041381836,"y":-0.5332889556884766,"z":-38.39338302612305},"rotation":{"x":-0.5304042100906372,"y":0.17924243211746217,"z":-0.11587834358215332,"w":-0.8204363584518433},"size":22.0,"orthographic":false}