{"cameraMode":{"drawMode":0,"name":"Shaded","section":"Shading Mode"},"sceneLighting":false,"audioPlay":false,"sceneViewState":{"showFog":true,"showMaterialUpdate":false,"showSkybox":true,"showFlares":true,"showImageEffects":true,"showParticleSystems":true},"in2DMode":false,"pivot":{"x":-20.43109703063965,"y":-2.5090606212615969,"z":-5.960728168487549},"rotation":{"x":-0.048494160175323489,"y":0.78587806224823,"z":-0.0621357187628746,"w":-0.6133377552032471},"size":28.368927001953126,"orthographic":false}