{"cameraMode":{"drawMode":0,"name":"Shaded","section":"Shading Mode"},"sceneLighting":false,"audioPlay":false,"sceneViewState":{"showFog":true,"showMaterialUpdate":false,"showSkybox":true,"showFlares":true,"showImageEffects":true,"showParticleSystems":true},"in2DMode":false,"pivot":{"x":-0.0392141230404377,"y":1.0346908569335938,"z":-4.819341659545898},"rotation":{"x":-0.09850076586008072,"y":0.8857191801071167,"z":-0.21986110508441926,"w":-0.39681246876716616},"size":2.9882771968841554,"orthographic":false}