{"cameraMode":{"drawMode":0,"name":"Shaded","section":"Shading Mode"},"sceneLighting":false,"audioPlay":false,"sceneViewState":{"showFog":true,"showMaterialUpdate":false,"showSkybox":true,"showFlares":true,"showImageEffects":true,"showParticleSystems":true},"in2DMode":false,"pivot":{"x":0.1601925790309906,"y":1.1720720529556275,"z":0.30601656436920168},"rotation":{"x":-0.009313398972153664,"y":0.9905299544334412,"z":-0.1053113117814064,"w":-0.08759704977273941},"size":0.7601000666618347,"orthographic":false}