{"cameraMode":{"drawMode":0,"name":"Shaded","section":"Shading Mode"},"sceneLighting":false,"audioPlay":false,"sceneViewState":{"showFog":true,"showMaterialUpdate":false,"showSkybox":true,"showFlares":true,"showImageEffects":true,"showParticleSystems":true},"in2DMode":false,"pivot":{"x":-0.041999999433755878,"y":-0.24799999594688416,"z":-0.039000000804662707},"rotation":{"x":-0.1627405434846878,"y":-0.6600561141967773,"z":0.14961747825145722,"w":-0.7179527282714844},"size":22.0,"orthographic":false}