{"cameraMode":{"drawMode":0,"name":"Shaded","section":"Shading Mode"},"sceneLighting":false,"audioPlay":false,"sceneViewState":{"showFog":true,"showMaterialUpdate":false,"showSkybox":true,"showFlares":true,"showImageEffects":true,"showParticleSystems":true},"in2DMode":false,"pivot":{"x":-16.765274047851564,"y":-4.945178985595703,"z":17.042741775512697},"rotation":{"x":-0.09595325589179993,"y":0.35514816641807558,"z":-0.03667563945055008,"w":-0.9291489720344544},"size":27.41600227355957,"orthographic":false}