{"cameraMode":{"drawMode":0,"name":"Shaded","section":"Shading Mode"},"sceneLighting":false,"audioPlay":false,"sceneViewState":{"showFog":true,"showMaterialUpdate":false,"showSkybox":true,"showFlares":true,"showImageEffects":true,"showParticleSystems":true},"in2DMode":false,"pivot":{"x":-0.40309539437294009,"y":1.186802625656128,"z":-1.7263787984848023},"rotation":{"x":-0.0419902503490448,"y":-0.9537155032157898,"z":0.15911337733268739,"w":-0.25168731808662417},"size":5.255019664764404,"orthographic":false}