{"cameraMode":{"drawMode":0,"name":"Shaded","section":"Shading Mode"},"sceneLighting":false,"audioPlay":false,"sceneViewState":{"showFog":true,"showMaterialUpdate":false,"showSkybox":true,"showFlares":true,"showImageEffects":true,"showParticleSystems":true},"in2DMode":false,"pivot":{"x":2.384185791015625e-7,"y":0.8714234232902527,"z":-0.03748524188995361},"rotation":{"x":-0.059736255556344989,"y":0.9346633553504944,"z":-0.1892816573381424,"w":-0.29497218132019045},"size":4.755262851715088,"orthographic":false}