{"cameraMode":{"drawMode":0,"name":"Shaded","section":"Shading Mode"},"sceneLighting":false,"audioPlay":false,"sceneViewState":{"showFog":true,"showMaterialUpdate":false,"showSkybox":true,"showFlares":true,"showImageEffects":true,"showParticleSystems":true},"in2DMode":false,"pivot":{"x":0.07181626558303833,"y":0.8876900672912598,"z":-0.747271716594696},"rotation":{"x":0.0002940787235274911,"y":0.9996567368507385,"z":-0.012915652245283127,"w":0.022792311385273935},"size":4.086828708648682,"orthographic":false}