{"cameraMode":{"drawMode":0,"name":"Shaded","section":"Shading Mode"},"sceneLighting":false,"audioPlay":false,"sceneViewState":{"showFog":true,"showMaterialUpdate":false,"showSkybox":true,"showFlares":true,"showImageEffects":true,"showParticleSystems":true},"in2DMode":false,"pivot":{"x":-0.0392141230404377,"y":1.0346908569335938,"z":-4.819341659545898},"rotation":{"x":-0.09850077331066132,"y":0.8857192397117615,"z":-0.21986111998558045,"w":-0.3968124985694885},"size":2.9882771968841554,"orthographic":false}