{"cameraMode":{"drawMode":0,"name":"Shaded","section":"Shading Mode"},"sceneLighting":false,"audioPlay":false,"sceneViewState":{"showFog":true,"showMaterialUpdate":false,"showSkybox":true,"showFlares":true,"showImageEffects":true,"showParticleSystems":true},"in2DMode":false,"pivot":{"x":17.14557456970215,"y":0.05697573721408844,"z":-10.235645294189454},"rotation":{"x":-0.06485369056463242,"y":0.9316720962524414,"z":-0.20766563713550569,"w":-0.29095739126205447},"size":0.856022834777832,"orthographic":false}