{"cameraMode":{"drawMode":0,"name":"Shaded","section":"Shading Mode"},"sceneLighting":false,"audioPlay":false,"sceneViewState":{"showFog":true,"showMaterialUpdate":false,"showSkybox":true,"showFlares":true,"showImageEffects":true,"showParticleSystems":true},"in2DMode":false,"pivot":{"x":-2.3510735034942629,"y":0.36449503898620608,"z":-4.24931001663208},"rotation":{"x":-0.058089472353458408,"y":0.9219001531600952,"z":-0.15238267183303834,"w":-0.351433128118515},"size":5.255019664764404,"orthographic":false}