{"cameraMode":{"drawMode":0,"name":"Shaded","section":"Shading Mode"},"sceneLighting":false,"audioPlay":false,"sceneViewState":{"showFog":true,"showMaterialUpdate":false,"showSkybox":true,"showFlares":true,"showImageEffects":true,"showParticleSystems":true},"in2DMode":false,"pivot":{"x":-22.437332153320314,"y":-0.13499994575977326,"z":5.0316162109375},"rotation":{"x":-0.42481932044029238,"y":0.02225928194820881,"z":-0.010449274443089962,"w":-0.9049441814422607},"size":1.6582294702529908,"orthographic":false}