{"cameraMode":{"drawMode":0,"name":"Shaded","section":"Shading Mode"},"sceneLighting":false,"audioPlay":false,"sceneViewState":{"showFog":true,"showMaterialUpdate":false,"showSkybox":true,"showFlares":true,"showImageEffects":true,"showParticleSystems":true},"in2DMode":false,"pivot":{"x":0.001898050308227539,"y":1.2655155658721924,"z":1.0897889137268067},"rotation":{"x":-0.17679421603679658,"y":-0.04280025511980057,"z":0.0076954560354352,"w":-0.9832867383956909},"size":9.34161376953125,"orthographic":false}