{"cameraMode":{"drawMode":0,"name":"Shaded","section":"Shading Mode"},"sceneLighting":false,"audioPlay":false,"sceneViewState":{"showFog":true,"showMaterialUpdate":false,"showSkybox":true,"showFlares":true,"showImageEffects":true,"showParticleSystems":true},"in2DMode":false,"pivot":{"x":-0.08699999749660492,"y":-0.17900000512599946,"z":-0.11400000005960465},"rotation":{"x":-0.19600561261177064,"y":0.3841545581817627,"z":-0.08381707221269608,"w":-0.8983216285705566},"size":22.0,"orthographic":false}