{"cameraMode":{"drawMode":0,"name":"Shaded","section":"Shading Mode"},"sceneLighting":false,"audioPlay":false,"sceneViewState":{"showFog":true,"showMaterialUpdate":false,"showSkybox":true,"showFlares":true,"showImageEffects":true,"showParticleSystems":true},"in2DMode":false,"pivot":{"x":-0.5365351438522339,"y":0.9132703542709351,"z":-3.1664700508117677},"rotation":{"x":-0.267490029335022,"y":0.5098388195037842,"z":-0.1705467402935028,"w":-0.799642026424408},"size":3.1550188064575197,"orthographic":false}