{"cameraMode":{"drawMode":0,"name":"Shaded","section":"Shading Mode"},"sceneLighting":false,"audioPlay":false,"sceneViewState":{"showFog":true,"showMaterialUpdate":false,"showSkybox":true,"showFlares":true,"showImageEffects":true,"showParticleSystems":true},"in2DMode":false,"pivot":{"x":7.118314266204834,"y":3.5584611892700197,"z":-0.9046173095703125},"rotation":{"x":-0.08642027527093888,"y":0.742631196975708,"z":-0.09770168364048004,"w":-0.6568750739097595},"size":3.256021738052368,"orthographic":false}