{"cameraMode":{"drawMode":0,"name":"Shaded","section":"Shading Mode"},"sceneLighting":false,"audioPlay":false,"sceneViewState":{"showFog":true,"showMaterialUpdate":false,"showSkybox":true,"showFlares":true,"showImageEffects":true,"showParticleSystems":true},"in2DMode":false,"pivot":{"x":47.49477005004883,"y":-16.982940673828126,"z":-11.656436920166016},"rotation":{"x":-0.1204017922282219,"y":-0.7707184553146362,"z":0.15294870734214784,"w":-0.6067150831222534},"size":62.906620025634769,"orthographic":false}